6,1,5,serrated
6,2,3,serrated
6,3,3,spool
6,4,8,standard
6,5,5,spool
6,6,1,spool
6,1,1,serrated
6,2,5,spool
6,3,8,standard
6,4,8,standard
6,5,5,standard
6,6,1,spool
6,1,3,serrated
6,2,6,standard
6,3,4,serrated
6,4,5,standard
6,5,8,standard
6,6,7,serrated
6,1,6,serrated
6,2,6,serrated
6,3,4,serrated
6,4,8,spool
6,5,8,serrated
6,6,2,serrated
6,1,4,serrated
6,2,8,spool
6,3,6,serrated
6,4,3,serrated
6,5,5,serrated
6,6,1,serrated
6,1,6,serrated
6,2,7,serrated
6,3,1,serrated
6,4,7,serrated
6,5,4,serrated
6,6,8,spool
6,1,5,serrated
6,2,2,serrated
6,3,4,serrated
6,4,2,serrated
6,5,7,serrated
6,6,8,serrated
6,1,3,serrated
6,2,1,serrated
6,3,8,spool
6,4,7,serrated
6,5,8,serrated
6,6,8,serrated
6,1,3,serrated
6,2,3,serrated
6,3,7,serrated
6,4,2,serrated
6,5,6,serrated
6,6,7,serrated
6,1,2,serrated
6,2,4,serrated
6,3,4,serrated
6,4,1,serrated
6,5,5,serrated
6,6,2,serrated
6,1,2,serrated
6,2,7,serrated
6,3,6,serrated
6,4,8,serrated
6,5,1,serrated
6,6,6,serrated
6,1,1,serrated
6,2,3,serrated
6,3,1,serrated
6,4,1,serrated
6,5,3,serrated
6,6,4,serrated
6,1,6,serrated
6,2,5,serrated
6,3,2,serrated
6,4,3,serrated
6,5,1,serrated
6,6,1,serrated
6,1,2,serrated
6,2,3,serrated
6,3,8,serrated
6,4,4,serrated
6,5,8,serrated
6,6,8,serrated
6,1,6,serrated
6,2,5,serrated
6,3,7,serrated
6,4,4,serrated
6,5,2,serrated
6,6,6,serrated
6,1,8,serrated
6,2,6,serrated
6,3,6,serrated
6,4,5,serrated
6,5,4,serrated
6,6,8,serrated
6,1,6,serrated
6,2,2,serrated
6,3,6,serrated
6,4,1,serrated
6,5,7,serrated
6,6,4,serrated
6,1,3,serrated
6,2,6,serrated
6,3,5,serrated
6,4,3,serrated
6,5,5,serrated
6,6,1,serrated
6,1,5,serrated
6,2,6,serrated
6,3,5,serrated
6,4,6,serrated
6,5,1,serrated
6,6,6,serrated
6,1,7,serrated
6,2,5,serrated
6,3,2,serrated
6,4,4,serrated
6,5,8,serrated
6,6,4,serrated
6,1,5,serrated
6,2,3,serrated
6,3,4,serrated
6,4,3,serrated
6,5,8,serrated
6,6,6,serrated
6,1,6,serrated
6,2,1,serrated
6,3,5,serrated
6,4,1,serrated
6,5,6,serrated
6,6,7,serrated
6,1,2,serrated
6,2,5,serrated
6,3,1,serrated
6,4,6,serrated
6,5,7,serrated
6,6,6,standard
6,1,3,serrated
6,2,6,standard
6,3,2,serrated
6,4,3,serrated
6,5,1,serrated
6,6,2,serrated
6,1,6,standard
6,2,3,serrated
6,3,4,serrated
6,4,1,serrated
6,5,4,serrated
6,6,5,standard
6,1,7,serrated
6,2,4,serrated
6,3,1,serrated
6,4,5,standard
6,5,3,serrated
6,6,6,serrated
6,1,1,serrated
6,2,5,standard
6,3,8,standard
6,4,8,standard
6,5,8,standard
6,6,1,serrated
6,1,4,standard
6,2,1,serrated
6,3,3,serrated
6,4,4,serrated
6,5,7,serrated
6,6,3,serrated
6,1,3,serrated
6,2,6,serrated
6,3,3,serrated
6,4,5,serrated
6,5,7,serrated
6,6,1,serrated
6,1,5,spool
6,2,3,serrated
6,3,2,serrated
6,4,1,serrated
6,5,8,standard
6,6,6,spool
6,1,3,serrated
6,2,3,spool
6,3,7,serrated
6,4,6,standard
6,5,8,standard
6,6,5,spool
6,1,7,serrated
6,2,3,spool
6,3,7,serrated
6,4,6,spool
6,5,4,spool
6,6,2,spool
6,1,5,serrated
6,2,1,serrated
6,3,5,serrated
6,4,4,spool
6,5,5,spool
6,6,1,spool
6,1,3,serrated
6,2,7,serrated
6,3,1,serrated
6,4,6,spool
6,5,4,spool
6,6,3,spool
6,1,5,spool
6,2,8,serrated
6,3,6,spool
6,4,8,spool
6,5,6,spool
6,6,3,spool
6,1,7,serrated
6,2,2,spool
6,3,3,spool
6,4,5,spool
6,5,6,standard
6,6,2,spool
6,1,1,spool
6,2,6,spool
6,3,6,serrated
6,4,5,spool
6,5,4,serrated
6,6,1,spool
6,1,1,spool
6,2,7,serrated
6,3,1,spool
6,4,5,serrated
6,5,5,serrated
6,6,4,serrated
6,1,6,serrated
6,2,1,serrated
6,3,4,serrated
6,4,2,serrated
6,5,8,serrated
6,6,1,spool
6,1,4,serrated
6,2,7,serrated
6,3,7,serrated
6,4,8,serrated
6,5,5,serrated
6,6,7,serrated
6,1,6,spool
6,2,2,serrated
6,3,5,spool
6,4,6,spool
6,5,6,serrated
6,6,1,spool
6,1,4,spool
6,2,8,spool
6,3,7,serrated
6,4,7,serrated
6,5,8,serrated
6,6,8,serrated
6,1,8,serrated
6,2,6,serrated
6,3,5,spool
6,4,2,serrated
6,5,7,serrated
6,6,7,serrated
6,1,1,serrated
6,2,4,serrated
6,3,5,spool
6,4,4,spool
6,5,4,spool
6,6,3,spool
6,1,2,spool
6,2,6,serrated
6,3,8,serrated
6,4,7,serrated
6,5,8,spool
6,6,2,serrated
5,1,4,serrated
5,2,4,spool
5,3,2,spool
5,4,7,serrated
5,5,3,serrated
5,1,1,spool
5,2,7,serrated
5,3,6,serrated
5,4,6,serrated
5,5,2,spool
6,1,8,spool
6,2,6,serrated
6,3,4,spool
6,4,1,serrated
6,5,6,spool
6,6,1,serrated
6,1,3,spool
6,2,4,spool
6,3,3,spool
6,4,7,serrated
6,5,6,serrated
6,6,7,serrated
6,1,1,spool
6,2,4,serrated
6,3,1,spool
6,4,8,serrated
6,5,3,spool
6,6,7,serrated
6,1,5,serrated
6,2,8,serrated
6,3,2,serrated
6,4,6,spool
6,5,2,spool
6,6,7,serrated
6,1,5,serrated
6,2,8,spool
6,3,3,spool
6,4,7,serrated
6,5,2,spool
6,6,6,spool
6,1,8,serrated
6,2,1,serrated
6,3,5,serrated
6,4,8,spool
6,5,1,spool
6,6,4,serrated
6,1,6,spool
6,2,3,spool
6,3,4,serrated
6,4,1,serrated
6,5,4,spool
6,6,5,spool
6,1,2,spool
6,2,7,serrated
6,3,6,spool
6,4,8,spool
6,5,7,serrated
6,6,7,serrated
6,1,7,serrated
6,2,6,standard
6,3,7,serrated
6,4,4,serrated
6,5,8,serrated
6,6,2,spool
6,1,7,serrated
6,2,5,standard
6,3,4,serrated
6,4,4,serrated
6,5,5,serrated
6,6,5,standard
6,1,4,serrated
6,2,7,serrated
6,3,3,serrated
6,4,8,serrated
6,5,1,spool
6,6,7,serrated
5,1,1,serrated
5,2,7,serrated
5,3,4,spool
5,4,8,serrated
5,5,3,spool
1;8 spool;4 standard;6 standard;4 standard;3 spool;5 standard
2;3 spool;1 spool;4 serrated;8 serrated;8 serrated;6 spool
3;5 spool;7 serrated;5 standard;4 standard;1 spool;6 standard
4;3 serrated;6 spool;6 spool;4 spool;1 spool;1 spool
5;4 standard;8 standard;4 standard;2 spool;4 serrated;2 spool
